,understand,action,info
min,0.0,0.0,0.0
max,1.0,1.0,1.0
median,1.0,0.0,1.0
mean,0.7520128824476651,0.46859903381642515,0.6790322580645162
